scheme,horizon,week,sarima,prophet,xgboost,lstm
static_inverse_rmse,all,,0.2176,0.2581,0.2608,0.2635
horizon_adaptive,1,,0.2104,0.0972,0.0245,0.6679
horizon_adaptive,4,,0.1158,0.2222,0.2043,0.4577
horizon_adaptive,8,,0.0718,0.338,0.2027,0.3875
horizon_adaptive,12,,0.0104,0.4173,0.2707,0.3016
regime_adaptive,1,2019-01-07,0.2104,0.0972,0.0245,0.6679
regime_adaptive,1,2019-01-14,0.2104,0.0972,0.0245,0.6679
regime_adaptive,1,2019-01-21,0.2104,0.0972,0.0245,0.6679
regime_adaptive,1,2019-01-28,0.2104,0.0972,0.0245,0.6679
regime_adaptive,1,2019-02-04,0.2104,0.0972,0.0245,0.6679
regime_adaptive,1,2019-02-11,0.2104,0.0972,0.0245,0.6679
regime_adaptive,1,2019-02-18,0.2104,0.0972,0.0245,0.6679
regime_adaptive,1,2019-02-25,0.2104,0.0972,0.0245,0.6679
regime_adaptive,1,2019-03-04,0.2104,0.0972,0.0245,0.6679
regime_adaptive,1,2019-03-11,0.2104,0.0972,0.0245,0.6679
regime_adaptive,1,2019-03-18,0.2104,0.0972,0.0245,0.6679
regime_adaptive,1,2019-03-25,0.2104,0.0972,0.0245,0.6679
regime_adaptive,1,2019-04-01,0.2104,0.0972,0.0245,0.6679
regime_adaptive,1,2019-04-08,0.2104,0.0972,0.0245,0.6679
regime_adaptive,1,2019-04-15,0.2104,0.0972,0.0245,0.6679
regime_adaptive,1,2019-04-22,0.2104,0.0972,0.0245,0.6679
regime_adaptive,1,2019-04-29,0.2104,0.0972,0.0245,0.6679
regime_adaptive,1,2019-05-06,0.2104,0.0972,0.0245,0.6679
regime_adaptive,1,2019-05-13,0.2104,0.0972,0.0245,0.6679
regime_adaptive,1,2019-05-20,0.2104,0.0972,0.0245,0.6679
regime_adaptive,1,2019-05-27,0.2104,0.0972,0.0245,0.6679
regime_adaptive,1,2019-06-03,0.2104,0.0972,0.0245,0.6679
regime_adaptive,1,2019-06-10,0.2104,0.0972,0.0245,0.6679
regime_adaptive,1,2019-06-17,0.2104,0.0972,0.0245,0.6679
regime_adaptive,1,2019-06-24,0.2104,0.0972,0.0245,0.6679
regime_adaptive,1,2019-07-01,0.2104,0.0972,0.0245,0.6679
regime_adaptive,1,2019-07-08,0.0692,0.2075,0.0,0.7233
regime_adaptive,1,2019-07-15,0.0672,0.2063,0.0,0.7265
regime_adaptive,1,2019-07-22,0.0636,0.1999,0.0,0.7365
regime_adaptive,1,2019-07-29,0.2572,0.2634,0.0,0.4794
regime_adaptive,1,2019-08-05,0.2751,0.1926,0.0,0.5323
regime_adaptive,1,2019-08-12,0.2639,0.1918,0.0,0.5443
regime_adaptive,1,2019-08-19,0.2508,0.1817,0.0,0.5674
regime_adaptive,1,2019-08-26,0.2504,0.1722,0.0,0.5774
regime_adaptive,1,2019-09-02,0.2648,0.1353,0.0,0.5999
regime_adaptive,1,2019-09-09,0.2555,0.1415,0.0,0.6031
regime_adaptive,1,2019-09-16,0.2464,0.1298,0.0,0.6238
regime_adaptive,1,2019-09-23,0.2386,0.1452,0.0,0.6162
regime_adaptive,1,2019-09-30,0.2218,0.1459,0.0,0.6323
regime_adaptive,1,2019-10-07,0.2184,0.1485,0.0,0.6331
regime_adaptive,1,2019-10-14,0.2145,0.1432,0.0,0.6422
regime_adaptive,1,2019-10-21,0.2214,0.115,0.0,0.6636
regime_adaptive,1,2019-10-28,0.2003,0.1117,0.0,0.688
regime_adaptive,1,2019-11-04,0.209,0.1028,0.0,0.6883
regime_adaptive,1,2019-11-11,0.2257,0.0878,0.0069,0.6795
regime_adaptive,1,2019-11-18,0.2222,0.0838,0.0,0.694
regime_adaptive,1,2019-11-25,0.1977,0.111,0.0146,0.6767
regime_adaptive,1,2019-12-02,0.1944,0.1157,0.0204,0.6695
regime_adaptive,1,2019-12-09,0.1941,0.1145,0.0541,0.6374
regime_adaptive,1,2019-12-16,0.1946,0.1212,0.0652,0.6189
regime_adaptive,1,2019-12-23,0.2073,0.0986,0.0524,0.6417
regime_adaptive,1,2019-12-30,0.212,0.0718,0.0596,0.6565
regime_adaptive,1,2020-01-06,0.2104,0.0972,0.0245,0.6679
regime_adaptive,1,2020-01-13,0.216,0.0982,0.0207,0.6651
regime_adaptive,1,2020-01-20,0.2242,0.0958,0.0989,0.5811
regime_adaptive,1,2020-01-27,0.1996,0.1308,0.1274,0.5422
regime_adaptive,1,2020-02-03,0.2127,0.0768,0.139,0.5715
regime_adaptive,1,2020-02-10,0.194,0.121,0.1574,0.5276
regime_adaptive,1,2020-02-17,0.1768,0.1419,0.1579,0.5234
regime_adaptive,1,2020-02-24,0.1706,0.1698,0.1668,0.4929
regime_adaptive,1,2020-03-02,0.1696,0.176,0.1732,0.4812
regime_adaptive,1,2020-03-09,0.157,0.1839,0.1764,0.4827
regime_adaptive,1,2020-03-16,0.1434,0.2432,0.1757,0.4376
regime_adaptive,1,2020-03-23,0.0982,0.4561,0.1341,0.3115
regime_adaptive,1,2020-03-30,0.0771,0.5638,0.1599,0.1992
regime_adaptive,1,2020-04-06,0.0203,0.7449,0.1864,0.0485
regime_adaptive,1,2020-04-13,0.0005,0.8413,0.1582,0.0
regime_adaptive,1,2020-04-20,0.0,0.8868,0.1132,0.0
regime_adaptive,1,2020-04-27,0.0,0.9147,0.0853,0.0
regime_adaptive,1,2020-05-04,0.0,0.9552,0.0448,0.0
regime_adaptive,1,2020-05-11,0.0,0.9811,0.0189,0.0
regime_adaptive,1,2020-05-18,0.0,0.9965,0.0035,0.0
regime_adaptive,1,2020-05-25,0.0,0.8651,0.1349,0.0
regime_adaptive,1,2020-06-01,0.0,0.8369,0.1631,0.0
regime_adaptive,1,2020-06-08,0.0,0.8534,0.1466,0.0
regime_adaptive,1,2020-06-15,0.0,0.8467,0.1533,0.0
regime_adaptive,1,2020-06-22,0.0,0.8395,0.1605,0.0
regime_adaptive,1,2020-06-29,0.0,0.8276,0.1724,0.0
regime_adaptive,1,2020-07-06,0.0,0.8301,0.1699,0.0
regime_adaptive,1,2020-07-13,0.0053,0.8186,0.1761,0.0
regime_adaptive,1,2020-07-20,0.0083,0.8032,0.1884,0.0
regime_adaptive,1,2020-07-27,0.0,0.7719,0.2281,0.0
regime_adaptive,1,2020-08-03,0.0,0.7805,0.2195,0.0
regime_adaptive,1,2020-08-10,0.0,0.7649,0.2351,0.0
regime_adaptive,1,2020-08-17,0.0,0.7707,0.2225,0.0068
regime_adaptive,1,2020-08-24,0.0,0.7631,0.2342,0.0026
regime_adaptive,1,2020-08-31,0.0,0.7578,0.2304,0.0118
regime_adaptive,1,2020-09-07,0.0,0.7525,0.2314,0.0161
regime_adaptive,1,2020-09-14,0.0,0.7437,0.2414,0.0149
regime_adaptive,1,2020-09-21,0.0,0.7316,0.2441,0.0243
regime_adaptive,1,2020-09-28,0.0,0.7398,0.2398,0.0204
regime_adaptive,1,2020-10-05,0.0,0.7276,0.2362,0.0362
regime_adaptive,1,2020-10-12,0.0,0.7197,0.2224,0.0579
regime_adaptive,1,2020-10-19,0.0,0.728,0.2276,0.0443
regime_adaptive,1,2020-10-26,0.0,0.7299,0.2431,0.027
regime_adaptive,1,2020-11-02,0.0,0.7131,0.2321,0.0548
regime_adaptive,1,2020-11-09,0.0,0.7273,0.2077,0.0651
regime_adaptive,1,2020-11-16,0.0,0.7251,0.2133,0.0615
regime_adaptive,1,2020-11-23,0.0,0.7336,0.2194,0.0471
regime_adaptive,1,2020-11-30,0.0,0.7323,0.2218,0.0458
regime_adaptive,1,2020-12-07,0.0,0.7368,0.2027,0.0605
regime_adaptive,1,2020-12-14,0.0,0.7364,0.1998,0.0637
regime_adaptive,1,2020-12-21,0.0,0.7403,0.2098,0.0499
regime_adaptive,1,2020-12-28,0.0,0.7403,0.2002,0.0596
regime_adaptive,1,2021-01-04,0.0,0.7218,0.2376,0.0406
regime_adaptive,1,2021-01-11,0.0,0.7145,0.2498,0.0357
regime_adaptive,1,2021-01-18,0.0,0.7109,0.2558,0.0333
regime_adaptive,1,2021-01-25,0.0,0.7223,0.26,0.0177
regime_adaptive,1,2021-02-01,0.0,0.7311,0.2632,0.0056
regime_adaptive,1,2021-02-08,0.0,0.7357,0.2643,0.0
regime_adaptive,1,2021-02-15,0.0,0.7447,0.2553,0.0
regime_adaptive,1,2021-02-22,0.0,0.7383,0.2529,0.0088
regime_adaptive,1,2021-03-01,0.0,0.7311,0.2448,0.0241
regime_adaptive,1,2021-03-08,0.0,0.7383,0.2313,0.0304
regime_adaptive,1,2021-03-15,0.0,0.739,0.2336,0.0274
regime_adaptive,1,2021-03-22,0.013,0.7039,0.2729,0.0101
regime_adaptive,1,2021-03-29,0.0152,0.6913,0.2771,0.0164
regime_adaptive,1,2021-04-05,0.0342,0.6598,0.2903,0.0157
regime_adaptive,1,2021-04-12,0.0476,0.6405,0.2812,0.0306
regime_adaptive,1,2021-04-19,0.0665,0.6337,0.2499,0.0499
regime_adaptive,1,2021-04-26,0.0847,0.6149,0.236,0.0644
regime_adaptive,1,2021-05-03,0.0954,0.6074,0.2056,0.0916
regime_adaptive,1,2021-05-10,0.107,0.5971,0.1891,0.1068
regime_adaptive,1,2021-05-17,0.1176,0.5873,0.1808,0.1143
regime_adaptive,1,2021-05-24,0.0619,0.6422,0.2216,0.0743
regime_adaptive,1,2021-05-31,0.0742,0.6469,0.185,0.0939
regime_adaptive,1,2021-06-07,0.088,0.6333,0.1694,0.1093
regime_adaptive,1,2021-06-14,0.0931,0.6248,0.1742,0.108
regime_adaptive,1,2021-06-21,0.092,0.6282,0.1604,0.1194
regime_adaptive,1,2021-06-28,0.083,0.6309,0.1748,0.1113
regime_adaptive,1,2021-07-05,0.0897,0.6248,0.1781,0.1074
regime_adaptive,1,2021-07-12,0.118,0.5486,0.2751,0.0583
regime_adaptive,1,2021-07-19,0.1476,0.4873,0.339,0.0261
regime_adaptive,1,2021-07-26,0.2225,0.4896,0.2287,0.0591
regime_adaptive,1,2021-08-02,0.2549,0.4399,0.2753,0.0299
regime_adaptive,1,2021-08-09,0.2612,0.4032,0.3356,0.0
regime_adaptive,1,2021-08-16,0.2918,0.3722,0.336,0.0
regime_adaptive,1,2021-08-23,0.3044,0.3592,0.3364,0.0
regime_adaptive,1,2021-08-30,0.3127,0.3575,0.3298,0.0
regime_adaptive,1,2021-09-06,0.3215,0.3463,0.3322,0.0
regime_adaptive,1,2021-09-13,0.3216,0.3392,0.3392,0.0
regime_adaptive,1,2021-09-20,0.3284,0.3403,0.3313,0.0
regime_adaptive,1,2021-09-27,0.3201,0.3412,0.3386,0.0
regime_adaptive,1,2021-10-04,0.3172,0.3494,0.3334,0.0
regime_adaptive,1,2021-10-11,0.319,0.3486,0.3323,0.0
regime_adaptive,1,2021-10-18,0.3264,0.339,0.3346,0.0
regime_adaptive,1,2021-10-25,0.3361,0.3295,0.3344,0.0
regime_adaptive,1,2021-11-01,0.3409,0.3389,0.3202,0.0
regime_adaptive,1,2021-11-08,0.3383,0.3333,0.3284,0.0
regime_adaptive,1,2021-11-15,0.3446,0.3281,0.3273,0.0
regime_adaptive,1,2021-11-22,0.3543,0.3123,0.3334,0.0
regime_adaptive,1,2021-11-29,0.3594,0.2967,0.3439,0.0
regime_adaptive,1,2021-12-06,0.3613,0.2895,0.3492,0.0
regime_adaptive,1,2021-12-13,0.372,0.2805,0.3475,0.0
regime_adaptive,1,2021-12-20,0.3934,0.275,0.3316,0.0
regime_adaptive,1,2021-12-27,0.401,0.271,0.3281,0.0
regime_adaptive,1,2022-01-03,0.4196,0.2814,0.299,0.0
regime_adaptive,1,2022-01-10,0.4248,0.2853,0.2899,0.0
regime_adaptive,1,2022-01-17,0.4282,0.2852,0.2866,0.0
regime_adaptive,1,2022-01-24,0.4404,0.2683,0.2913,0.0
regime_adaptive,1,2022-01-31,0.4398,0.2438,0.3164,0.0
regime_adaptive,1,2022-02-07,0.4344,0.2293,0.3364,0.0
regime_adaptive,1,2022-02-14,0.4471,0.1995,0.3236,0.0298
regime_adaptive,1,2022-02-21,0.4489,0.2055,0.3348,0.0107
regime_adaptive,1,2022-02-28,0.4479,0.197,0.3477,0.0074
regime_adaptive,1,2022-03-07,0.4466,0.1879,0.3557,0.0098
regime_adaptive,1,2022-03-14,0.419,0.1829,0.3914,0.0067
regime_adaptive,1,2022-03-21,0.4098,0.1769,0.4033,0.0099
regime_adaptive,1,2022-03-28,0.4028,0.1687,0.4225,0.0061
regime_adaptive,1,2022-04-04,0.3922,0.166,0.4325,0.0093
regime_adaptive,1,2022-04-11,0.3739,0.164,0.451,0.0112
regime_adaptive,1,2022-04-18,0.347,0.147,0.4879,0.0182
regime_adaptive,1,2022-04-25,0.3374,0.1557,0.4957,0.0113
regime_adaptive,1,2022-05-02,0.3284,0.154,0.5093,0.0083
regime_adaptive,1,2022-05-09,0.3197,0.1437,0.5284,0.0082
regime_adaptive,1,2022-05-16,0.3111,0.1452,0.5415,0.0021
regime_adaptive,1,2022-05-23,0.3439,0.1122,0.5383,0.0056
regime_adaptive,1,2022-05-30,0.3395,0.1074,0.5531,0.0
regime_adaptive,1,2022-06-06,0.3414,0.1013,0.5573,0.0
regime_adaptive,1,2022-06-13,0.3318,0.1057,0.5625,0.0
regime_adaptive,1,2022-06-20,0.3189,0.1009,0.5802,0.0
regime_adaptive,1,2022-06-27,0.3087,0.1018,0.5895,0.0
regime_adaptive,1,2022-07-04,0.3073,0.104,0.5887,0.0
regime_adaptive,1,2022-07-11,0.2894,0.1467,0.5639,0.0
regime_adaptive,1,2022-07-18,0.2635,0.1975,0.539,0.0
regime_adaptive,1,2022-07-25,0.316,0.0895,0.5945,0.0
regime_adaptive,1,2022-08-01,0.2839,0.1619,0.5542,0.0
regime_adaptive,1,2022-08-08,0.2469,0.2433,0.5098,0.0
regime_adaptive,1,2022-08-15,0.2175,0.3051,0.4774,0.0
regime_adaptive,1,2022-08-22,0.2001,0.3171,0.4827,0.0
regime_adaptive,1,2022-08-29,0.1981,0.292,0.5099,0.0
regime_adaptive,1,2022-09-05,0.2011,0.2562,0.5427,0.0
regime_adaptive,1,2022-09-12,0.204,0.2422,0.5538,0.0
regime_adaptive,1,2022-09-19,0.1968,0.2296,0.5737,0.0
regime_adaptive,1,2022-09-26,0.2043,0.203,0.5927,0.0
regime_adaptive,1,2022-10-03,0.2005,0.1948,0.6048,0.0
regime_adaptive,1,2022-10-10,0.1876,0.1924,0.62,0.0
regime_adaptive,1,2022-10-17,0.1721,0.1796,0.6483,0.0
regime_adaptive,1,2022-10-24,0.1666,0.1643,0.6624,0.0067
regime_adaptive,1,2022-10-31,0.1742,0.1279,0.6824,0.0155
regime_adaptive,1,2022-11-07,0.1781,0.1234,0.6786,0.0199
regime_adaptive,1,2022-11-14,0.1771,0.1354,0.6741,0.0135
regime_adaptive,1,2022-11-21,0.1695,0.1354,0.6481,0.047
regime_adaptive,1,2022-11-28,0.1619,0.1398,0.6588,0.0395
regime_adaptive,1,2022-12-05,0.1636,0.1257,0.6579,0.0528
regime_adaptive,1,2022-12-12,0.1608,0.1329,0.6466,0.0597
regime_adaptive,1,2022-12-19,0.1616,0.1574,0.6052,0.0758
regime_adaptive,1,2022-12-26,0.1581,0.1482,0.6094,0.0843
regime_adaptive,4,2019-01-07,0.1158,0.2222,0.2043,0.4577
regime_adaptive,4,2019-01-14,0.1158,0.2222,0.2043,0.4577
regime_adaptive,4,2019-01-21,0.1158,0.2222,0.2043,0.4577
regime_adaptive,4,2019-01-28,0.1158,0.2222,0.2043,0.4577
regime_adaptive,4,2019-02-04,0.1158,0.2222,0.2043,0.4577
regime_adaptive,4,2019-02-11,0.1158,0.2222,0.2043,0.4577
regime_adaptive,4,2019-02-18,0.1158,0.2222,0.2043,0.4577
regime_adaptive,4,2019-02-25,0.1158,0.2222,0.2043,0.4577
regime_adaptive,4,2019-03-04,0.1158,0.2222,0.2043,0.4577
regime_adaptive,4,2019-03-11,0.1158,0.2222,0.2043,0.4577
regime_adaptive,4,2019-03-18,0.1158,0.2222,0.2043,0.4577
regime_adaptive,4,2019-03-25,0.1158,0.2222,0.2043,0.4577
regime_adaptive,4,2019-04-01,0.1158,0.2222,0.2043,0.4577
regime_adaptive,4,2019-04-08,0.1158,0.2222,0.2043,0.4577
regime_adaptive,4,2019-04-15,0.1158,0.2222,0.2043,0.4577
regime_adaptive,4,2019-04-22,0.1158,0.2222,0.2043,0.4577
regime_adaptive,4,2019-04-29,0.1158,0.2222,0.2043,0.4577
regime_adaptive,4,2019-05-06,0.1158,0.2222,0.2043,0.4577
regime_adaptive,4,2019-05-13,0.1158,0.2222,0.2043,0.4577
regime_adaptive,4,2019-05-20,0.1158,0.2222,0.2043,0.4577
regime_adaptive,4,2019-05-27,0.1158,0.2222,0.2043,0.4577
regime_adaptive,4,2019-06-03,0.1158,0.2222,0.2043,0.4577
regime_adaptive,4,2019-06-10,0.1158,0.2222,0.2043,0.4577
regime_adaptive,4,2019-06-17,0.1158,0.2222,0.2043,0.4577
regime_adaptive,4,2019-06-24,0.1158,0.2222,0.2043,0.4577
regime_adaptive,4,2019-07-01,0.1158,0.2222,0.2043,0.4577
regime_adaptive,4,2019-07-08,0.2501,0.2734,0.3681,0.1083
regime_adaptive,4,2019-07-15,0.2628,0.2132,0.3582,0.1658
regime_adaptive,4,2019-07-22,0.2666,0.173,0.3377,0.2227
regime_adaptive,4,2019-07-29,0.2435,0.1925,0.2909,0.2732
regime_adaptive,4,2019-08-05,0.2412,0.1854,0.2844,0.289
regime_adaptive,4,2019-08-12,0.2192,0.2112,0.2777,0.2918
regime_adaptive,4,2019-08-19,0.204,0.2153,0.2966,0.2841
regime_adaptive,4,2019-08-26,0.1832,0.2202,0.3159,0.2808
regime_adaptive,4,2019-09-02,0.179,0.2008,0.3323,0.2878
regime_adaptive,4,2019-09-09,0.171,0.194,0.3119,0.3231
regime_adaptive,4,2019-09-16,0.1634,0.196,0.3174,0.3232
regime_adaptive,4,2019-09-23,0.1578,0.202,0.3157,0.3245
regime_adaptive,4,2019-09-30,0.1558,0.2164,0.295,0.3328
regime_adaptive,4,2019-10-07,0.1331,0.2374,0.2557,0.3738
regime_adaptive,4,2019-10-14,0.1481,0.1912,0.2721,0.3885
regime_adaptive,4,2019-10-21,0.1436,0.2086,0.2999,0.3479
regime_adaptive,4,2019-10-28,0.1367,0.2129,0.2984,0.3519
regime_adaptive,4,2019-11-04,0.1143,0.2344,0.3016,0.3496
regime_adaptive,4,2019-11-11,0.1187,0.2271,0.3015,0.3527
regime_adaptive,4,2019-11-18,0.117,0.2299,0.3075,0.3455
regime_adaptive,4,2019-11-25,0.1217,0.2324,0.3145,0.3313
regime_adaptive,4,2019-12-02,0.1269,0.2243,0.2802,0.3685
regime_adaptive,4,2019-12-09,0.1366,0.1944,0.2938,0.3752
regime_adaptive,4,2019-12-16,0.1303,0.2025,0.2847,0.3826
regime_adaptive,4,2019-12-23,0.1234,0.2035,0.276,0.3971
regime_adaptive,4,2019-12-30,0.1263,0.1898,0.2756,0.4083
regime_adaptive,4,2020-01-06,0.1158,0.2222,0.2043,0.4577
regime_adaptive,4,2020-01-13,0.1144,0.2126,0.2035,0.4696
regime_adaptive,4,2020-01-20,0.104,0.2303,0.2226,0.4432
regime_adaptive,4,2020-01-27,0.0894,0.2416,0.2298,0.4393
regime_adaptive,4,2020-02-03,0.0801,0.2733,0.2445,0.4022
regime_adaptive,4,2020-02-10,0.0786,0.2893,0.2366,0.3955
regime_adaptive,4,2020-02-17,0.0638,0.3236,0.2402,0.3724
regime_adaptive,4,2020-02-24,0.0539,0.3867,0.2062,0.3532
regime_adaptive,4,2020-03-02,0.0288,0.4636,0.2654,0.2422
regime_adaptive,4,2020-03-09,0.0,0.5623,0.3269,0.1107
regime_adaptive,4,2020-03-16,0.0,0.6669,0.3118,0.0213
regime_adaptive,4,2020-03-23,0.0,0.8349,0.1651,0.0
regime_adaptive,4,2020-03-30,0.0,0.9216,0.0784,0.0
regime_adaptive,4,2020-04-06,0.0,1.0,0.0,0.0
regime_adaptive,4,2020-04-13,0.0,1.0,0.0,0.0
regime_adaptive,4,2020-04-20,0.0,1.0,0.0,0.0
regime_adaptive,4,2020-04-27,0.0,1.0,0.0,0.0
regime_adaptive,4,2020-05-04,0.0,1.0,0.0,0.0
regime_adaptive,4,2020-05-11,0.0,1.0,0.0,0.0
regime_adaptive,4,2020-05-18,0.0,1.0,0.0,0.0
regime_adaptive,4,2020-05-25,0.0,1.0,0.0,0.0
regime_adaptive,4,2020-06-01,0.0,1.0,0.0,0.0
regime_adaptive,4,2020-06-08,0.0,1.0,0.0,0.0
regime_adaptive,4,2020-06-15,0.0,1.0,0.0,0.0
regime_adaptive,4,2020-06-22,0.0,1.0,0.0,0.0
regime_adaptive,4,2020-06-29,0.0,1.0,0.0,0.0
regime_adaptive,4,2020-07-06,0.0,0.9895,0.0105,0.0
regime_adaptive,4,2020-07-13,0.0,0.9993,0.0007,0.0
regime_adaptive,4,2020-07-20,0.0,0.9866,0.0134,0.0
regime_adaptive,4,2020-07-27,0.0,0.9623,0.0377,0.0
regime_adaptive,4,2020-08-03,0.0,0.9478,0.0522,0.0
regime_adaptive,4,2020-08-10,0.0,0.9365,0.0628,0.0008
regime_adaptive,4,2020-08-17,0.0,0.9507,0.0493,0.0
regime_adaptive,4,2020-08-24,0.0,0.9544,0.0456,0.0
regime_adaptive,4,2020-08-31,0.0,0.9504,0.0437,0.0059
regime_adaptive,4,2020-09-07,0.0,0.942,0.052,0.006
regime_adaptive,4,2020-09-14,0.0,0.9226,0.0442,0.0332
regime_adaptive,4,2020-09-21,0.0,0.8992,0.0449,0.0559
regime_adaptive,4,2020-09-28,0.0,0.8846,0.0571,0.0583
regime_adaptive,4,2020-10-05,0.0,0.8712,0.0855,0.0433
regime_adaptive,4,2020-10-12,0.0,0.8735,0.0595,0.067
regime_adaptive,4,2020-10-19,0.0,0.8714,0.0523,0.0763
regime_adaptive,4,2020-10-26,0.0,0.8709,0.0477,0.0814
regime_adaptive,4,2020-11-02,0.0,0.8747,0.052,0.0733
regime_adaptive,4,2020-11-09,0.0,0.8692,0.0554,0.0754
regime_adaptive,4,2020-11-16,0.0,0.8698,0.0517,0.0785
regime_adaptive,4,2020-11-23,0.0,0.8649,0.0605,0.0746
regime_adaptive,4,2020-11-30,0.0,0.8612,0.0803,0.0585
regime_adaptive,4,2020-12-07,0.0,0.8624,0.0757,0.0619
regime_adaptive,4,2020-12-14,0.0,0.8517,0.0822,0.0661
regime_adaptive,4,2020-12-21,0.0,0.8431,0.0903,0.0665
regime_adaptive,4,2020-12-28,0.0,0.8456,0.0783,0.0761
regime_adaptive,4,2021-01-04,0.0,0.8437,0.0983,0.0579
regime_adaptive,4,2021-01-11,0.0,0.85,0.092,0.058
regime_adaptive,4,2021-01-18,0.0,0.8549,0.098,0.0471
regime_adaptive,4,2021-01-25,0.0,0.8656,0.0869,0.0476
regime_adaptive,4,2021-02-01,0.0,0.8565,0.0797,0.0638
regime_adaptive,4,2021-02-08,0.0,0.8538,0.0746,0.0716
regime_adaptive,4,2021-02-15,0.0,0.8541,0.0667,0.0792
regime_adaptive,4,2021-02-22,0.0,0.8448,0.0859,0.0694
regime_adaptive,4,2021-03-01,0.0,0.8473,0.0636,0.0891
regime_adaptive,4,2021-03-08,0.0,0.8424,0.0499,0.1077
regime_adaptive,4,2021-03-15,0.0,0.8267,0.0603,0.1131
regime_adaptive,4,2021-03-22,0.0,0.7935,0.1002,0.1063
regime_adaptive,4,2021-03-29,0.0,0.7833,0.0986,0.1181
regime_adaptive,4,2021-04-05,0.024,0.7493,0.1119,0.1148
regime_adaptive,4,2021-04-12,0.0448,0.7422,0.0593,0.1537
regime_adaptive,4,2021-04-19,0.0648,0.7328,0.0232,0.1791
regime_adaptive,4,2021-04-26,0.0855,0.7135,0.017,0.184
regime_adaptive,4,2021-05-03,0.0299,0.7227,0.1292,0.1181
regime_adaptive,4,2021-05-10,0.0355,0.7117,0.1421,0.1107
regime_adaptive,4,2021-05-17,0.0408,0.6968,0.1576,0.1047
regime_adaptive,4,2021-05-24,0.044,0.6913,0.1668,0.0979
regime_adaptive,4,2021-05-31,0.051,0.6908,0.1478,0.1103
regime_adaptive,4,2021-06-07,0.0417,0.7004,0.1464,0.1116
regime_adaptive,4,2021-06-14,0.0787,0.6348,0.2262,0.0603
regime_adaptive,4,2021-06-21,0.099,0.5839,0.3004,0.0168
regime_adaptive,4,2021-06-28,0.1205,0.5396,0.3399,0.0
regime_adaptive,4,2021-07-05,0.1812,0.5309,0.2733,0.0145
regime_adaptive,4,2021-07-12,0.2292,0.4671,0.3038,0.0
regime_adaptive,4,2021-07-19,0.2443,0.4199,0.3358,0.0
regime_adaptive,4,2021-07-26,0.269,0.3985,0.3324,0.0
regime_adaptive,4,2021-08-02,0.292,0.3779,0.3302,0.0
regime_adaptive,4,2021-08-09,0.3089,0.3718,0.3193,0.0
regime_adaptive,4,2021-08-16,0.3337,0.3484,0.3179,0.0
regime_adaptive,4,2021-08-23,0.3459,0.3372,0.3169,0.0
regime_adaptive,4,2021-08-30,0.3643,0.3297,0.306,0.0
regime_adaptive,4,2021-09-06,0.3673,0.32,0.3127,0.0
regime_adaptive,4,2021-09-13,0.3689,0.3227,0.3085,0.0
regime_adaptive,4,2021-09-20,0.3735,0.323,0.3034,0.0
regime_adaptive,4,2021-09-27,0.3796,0.317,0.3034,0.0
regime_adaptive,4,2021-10-04,0.3884,0.3086,0.3031,0.0
regime_adaptive,4,2021-10-11,0.3991,0.3114,0.2895,0.0
regime_adaptive,4,2021-10-18,0.4016,0.3046,0.2938,0.0
regime_adaptive,4,2021-10-25,0.4079,0.2969,0.2951,0.0
regime_adaptive,4,2021-11-01,0.4205,0.279,0.3005,0.0
regime_adaptive,4,2021-11-08,0.4312,0.2577,0.3111,0.0
regime_adaptive,4,2021-11-15,0.4406,0.2437,0.3156,0.0
regime_adaptive,4,2021-11-22,0.4575,0.2265,0.316,0.0
regime_adaptive,4,2021-11-29,0.4759,0.2184,0.3057,0.0
regime_adaptive,4,2021-12-06,0.4887,0.2059,0.3054,0.0
regime_adaptive,4,2021-12-13,0.5022,0.2116,0.2862,0.0
regime_adaptive,4,2021-12-20,0.5127,0.215,0.2723,0.0
regime_adaptive,4,2021-12-27,0.5144,0.215,0.2706,0.0
regime_adaptive,4,2022-01-03,0.5229,0.1976,0.2795,0.0
regime_adaptive,4,2022-01-10,0.5335,0.1695,0.2969,0.0
regime_adaptive,4,2022-01-17,0.5497,0.1346,0.2703,0.0455
regime_adaptive,4,2022-01-24,0.5787,0.0766,0.2401,0.1046
regime_adaptive,4,2022-01-31,0.5855,0.075,0.2283,0.1112
regime_adaptive,4,2022-02-07,0.5893,0.0688,0.2242,0.1177
regime_adaptive,4,2022-02-14,0.5865,0.0584,0.2375,0.1176
regime_adaptive,4,2022-02-21,0.557,0.0586,0.2742,0.1102
regime_adaptive,4,2022-02-28,0.5322,0.058,0.3073,0.1025
regime_adaptive,4,2022-03-07,0.5132,0.0535,0.3403,0.093
regime_adaptive,4,2022-03-14,0.4954,0.0507,0.367,0.0869
regime_adaptive,4,2022-03-21,0.476,0.048,0.3914,0.0847
regime_adaptive,4,2022-03-28,0.4458,0.0345,0.4269,0.0928
regime_adaptive,4,2022-04-04,0.4396,0.0419,0.4285,0.09
regime_adaptive,4,2022-04-11,0.4287,0.0427,0.4422,0.0865
regime_adaptive,4,2022-04-18,0.4102,0.039,0.4708,0.08
regime_adaptive,4,2022-04-25,0.4034,0.0478,0.4715,0.0774
regime_adaptive,4,2022-05-02,0.4383,0.017,0.4607,0.084
regime_adaptive,4,2022-05-09,0.4353,0.0169,0.4764,0.0714
regime_adaptive,4,2022-05-16,0.4313,0.0283,0.4734,0.067
regime_adaptive,4,2022-05-23,0.421,0.0341,0.493,0.0519
regime_adaptive,4,2022-05-30,0.4017,0.0448,0.5223,0.0311
regime_adaptive,4,2022-06-06,0.3911,0.0368,0.5401,0.032
regime_adaptive,4,2022-06-13,0.3747,0.0755,0.5289,0.021
regime_adaptive,4,2022-06-20,0.3539,0.1183,0.5225,0.0053
regime_adaptive,4,2022-06-27,0.3287,0.1619,0.5032,0.0061
regime_adaptive,4,2022-07-04,0.3745,0.0731,0.5524,0.0
regime_adaptive,4,2022-07-11,0.3376,0.1258,0.5366,0.0
regime_adaptive,4,2022-07-18,0.2798,0.2341,0.4861,0.0
regime_adaptive,4,2022-07-25,0.252,0.2787,0.4693,0.0
regime_adaptive,4,2022-08-01,0.2167,0.3275,0.4558,0.0
regime_adaptive,4,2022-08-08,0.205,0.3248,0.4702,0.0
regime_adaptive,4,2022-08-15,0.1782,0.3531,0.4687,0.0
regime_adaptive,4,2022-08-22,0.1757,0.3452,0.4791,0.0
regime_adaptive,4,2022-08-29,0.1515,0.362,0.4866,0.0
regime_adaptive,4,2022-09-05,0.1652,0.3186,0.5162,0.0
regime_adaptive,4,2022-09-12,0.17,0.2996,0.5304,0.0
regime_adaptive,4,2022-09-19,0.1682,0.2784,0.5483,0.005
regime_adaptive,4,2022-09-26,0.1746,0.2373,0.5502,0.0379
regime_adaptive,4,2022-10-03,0.1705,0.2183,0.5523,0.0589
regime_adaptive,4,2022-10-10,0.1732,0.1853,0.5736,0.0679
regime_adaptive,4,2022-10-17,0.1694,0.1785,0.5777,0.0744
regime_adaptive,4,2022-10-24,0.1674,0.1862,0.5716,0.0748
regime_adaptive,4,2022-10-31,0.16,0.1812,0.5555,0.1033
regime_adaptive,4,2022-11-07,0.1637,0.1669,0.5658,0.1036
regime_adaptive,4,2022-11-14,0.1617,0.1572,0.5672,0.1138
regime_adaptive,4,2022-11-21,0.1548,0.1692,0.5486,0.1273
regime_adaptive,4,2022-11-28,0.1436,0.2015,0.5132,0.1418
regime_adaptive,4,2022-12-05,0.1379,0.197,0.5016,0.1635
regime_adaptive,4,2022-12-12,0.1331,0.1648,0.4929,0.2092
regime_adaptive,4,2022-12-19,0.1327,0.1351,0.4955,0.2367
regime_adaptive,4,2022-12-26,0.1227,0.1318,0.478,0.2675
regime_adaptive,8,2019-01-07,0.0718,0.338,0.2027,0.3875
regime_adaptive,8,2019-01-14,0.0718,0.338,0.2027,0.3875
regime_adaptive,8,2019-01-21,0.0718,0.338,0.2027,0.3875
regime_adaptive,8,2019-01-28,0.0718,0.338,0.2027,0.3875
regime_adaptive,8,2019-02-04,0.0718,0.338,0.2027,0.3875
regime_adaptive,8,2019-02-11,0.0718,0.338,0.2027,0.3875
regime_adaptive,8,2019-02-18,0.0718,0.338,0.2027,0.3875
regime_adaptive,8,2019-02-25,0.0718,0.338,0.2027,0.3875
regime_adaptive,8,2019-03-04,0.0718,0.338,0.2027,0.3875
regime_adaptive,8,2019-03-11,0.0718,0.338,0.2027,0.3875
regime_adaptive,8,2019-03-18,0.0718,0.338,0.2027,0.3875
regime_adaptive,8,2019-03-25,0.0718,0.338,0.2027,0.3875
regime_adaptive,8,2019-04-01,0.0718,0.338,0.2027,0.3875
regime_adaptive,8,2019-04-08,0.0718,0.338,0.2027,0.3875
regime_adaptive,8,2019-04-15,0.0718,0.338,0.2027,0.3875
regime_adaptive,8,2019-04-22,0.0718,0.338,0.2027,0.3875
regime_adaptive,8,2019-04-29,0.0718,0.338,0.2027,0.3875
regime_adaptive,8,2019-05-06,0.0718,0.338,0.2027,0.3875
regime_adaptive,8,2019-05-13,0.0718,0.338,0.2027,0.3875
regime_adaptive,8,2019-05-20,0.0718,0.338,0.2027,0.3875
regime_adaptive,8,2019-05-27,0.0718,0.338,0.2027,0.3875
regime_adaptive,8,2019-06-03,0.0718,0.338,0.2027,0.3875
regime_adaptive,8,2019-06-10,0.0718,0.338,0.2027,0.3875
regime_adaptive,8,2019-06-17,0.0718,0.338,0.2027,0.3875
regime_adaptive,8,2019-06-24,0.0718,0.338,0.2027,0.3875
regime_adaptive,8,2019-07-01,0.0718,0.338,0.2027,0.3875
regime_adaptive,8,2019-07-08,0.2413,0.1626,0.2701,0.326
regime_adaptive,8,2019-07-15,0.2222,0.1968,0.2781,0.3029
regime_adaptive,8,2019-07-22,0.2038,0.2089,0.2826,0.3047
regime_adaptive,8,2019-07-29,0.1857,0.2126,0.2633,0.3384
regime_adaptive,8,2019-08-05,0.1869,0.2053,0.2584,0.3495
regime_adaptive,8,2019-08-12,0.1733,0.2017,0.2546,0.3703
regime_adaptive,8,2019-08-19,0.1652,0.2114,0.274,0.3494
regime_adaptive,8,2019-08-26,0.1508,0.2342,0.268,0.347
regime_adaptive,8,2019-09-02,0.1444,0.2722,0.2357,0.3477
regime_adaptive,8,2019-09-09,0.1157,0.3092,0.175,0.4001
regime_adaptive,8,2019-09-16,0.141,0.2528,0.2136,0.3926
regime_adaptive,8,2019-09-23,0.1369,0.2861,0.2536,0.3235
regime_adaptive,8,2019-09-30,0.1329,0.2919,0.2309,0.3444
regime_adaptive,8,2019-10-07,0.1049,0.3123,0.2655,0.3172
regime_adaptive,8,2019-10-14,0.1094,0.3016,0.2648,0.3241
regime_adaptive,8,2019-10-21,0.1072,0.3104,0.2565,0.3259
regime_adaptive,8,2019-10-28,0.1134,0.3161,0.2476,0.3229
regime_adaptive,8,2019-11-04,0.1188,0.302,0.2365,0.3427
regime_adaptive,8,2019-11-11,0.131,0.2728,0.2177,0.3785
regime_adaptive,8,2019-11-18,0.1213,0.2841,0.2074,0.3873
regime_adaptive,8,2019-11-25,0.1104,0.2873,0.1982,0.404
regime_adaptive,8,2019-12-02,0.1139,0.2695,0.2133,0.4033
regime_adaptive,8,2019-12-09,0.0973,0.2904,0.1958,0.4165
regime_adaptive,8,2019-12-16,0.0944,0.2958,0.1836,0.4262
regime_adaptive,8,2019-12-23,0.0878,0.3034,0.211,0.3977
regime_adaptive,8,2019-12-30,0.0764,0.3181,0.2125,0.393
regime_adaptive,8,2020-01-06,0.0718,0.338,0.2027,0.3875
regime_adaptive,8,2020-01-13,0.0694,0.362,0.1855,0.3831
regime_adaptive,8,2020-01-20,0.0539,0.3838,0.1959,0.3664
regime_adaptive,8,2020-01-27,0.0361,0.4243,0.2102,0.3293
regime_adaptive,8,2020-02-03,0.0041,0.4982,0.2574,0.2403
regime_adaptive,8,2020-02-10,0.0,0.5553,0.2206,0.2241
regime_adaptive,8,2020-02-17,0.0,0.6336,0.179,0.1874
regime_adaptive,8,2020-02-24,0.0,0.6965,0.1338,0.1697
regime_adaptive,8,2020-03-02,0.0,0.7534,0.1331,0.1135
regime_adaptive,8,2020-03-09,0.0,0.836,0.0818,0.0821
regime_adaptive,8,2020-03-16,0.0,0.9248,0.0339,0.0413
regime_adaptive,8,2020-03-23,0.0,1.0,0.0,0.0
regime_adaptive,8,2020-03-30,0.0,1.0,0.0,0.0
regime_adaptive,8,2020-04-06,0.0,1.0,0.0,0.0
regime_adaptive,8,2020-04-13,0.0,1.0,0.0,0.0
regime_adaptive,8,2020-04-20,0.0,1.0,0.0,0.0
regime_adaptive,8,2020-04-27,0.0,1.0,0.0,0.0
regime_adaptive,8,2020-05-04,0.0,1.0,0.0,0.0
regime_adaptive,8,2020-05-11,0.0,1.0,0.0,0.0
regime_adaptive,8,2020-05-18,0.0,0.9852,0.0,0.0148
regime_adaptive,8,2020-05-25,0.0,0.953,0.0,0.047
regime_adaptive,8,2020-06-01,0.0,0.9437,0.0,0.0563
regime_adaptive,8,2020-06-08,0.0,0.9089,0.0,0.0911
regime_adaptive,8,2020-06-15,0.0,0.9242,0.0,0.0758
regime_adaptive,8,2020-06-22,0.0,0.9036,0.0,0.0964
regime_adaptive,8,2020-06-29,0.0,0.883,0.0,0.117
regime_adaptive,8,2020-07-06,0.0,0.8706,0.0,0.1294
regime_adaptive,8,2020-07-13,0.0,0.8579,0.0,0.1421
regime_adaptive,8,2020-07-20,0.0,0.8763,0.0,0.1237
regime_adaptive,8,2020-07-27,0.0,0.8834,0.0,0.1166
regime_adaptive,8,2020-08-03,0.0,0.8783,0.0,0.1217
regime_adaptive,8,2020-08-10,0.0,0.8762,0.0,0.1238
regime_adaptive,8,2020-08-17,0.0,0.8573,0.0,0.1427
regime_adaptive,8,2020-08-24,0.0,0.8403,0.0,0.1597
regime_adaptive,8,2020-08-31,0.0,0.8339,0.0,0.1661
regime_adaptive,8,2020-09-07,0.0,0.8331,0.0,0.1669
regime_adaptive,8,2020-09-14,0.0,0.8265,0.0,0.1735
regime_adaptive,8,2020-09-21,0.0,0.8245,0.0,0.1755
regime_adaptive,8,2020-09-28,0.0,0.8262,0.0,0.1738
regime_adaptive,8,2020-10-05,0.0,0.8342,0.0,0.1658
regime_adaptive,8,2020-10-12,0.0,0.8334,0.0,0.1666
regime_adaptive,8,2020-10-19,0.0,0.835,0.0,0.165
regime_adaptive,8,2020-10-26,0.0,0.8357,0.0,0.1643
regime_adaptive,8,2020-11-02,0.0,0.8406,0.0,0.1594
regime_adaptive,8,2020-11-09,0.0,0.8419,0.0,0.1581
regime_adaptive,8,2020-11-16,0.0,0.8368,0.0,0.1632
regime_adaptive,8,2020-11-23,0.0,0.8341,0.0,0.1659
regime_adaptive,8,2020-11-30,0.0,0.8339,0.0,0.1661
regime_adaptive,8,2020-12-07,0.0,0.8401,0.0,0.1599
regime_adaptive,8,2020-12-14,0.0,0.8447,0.0,0.1553
regime_adaptive,8,2020-12-21,0.0,0.8523,0.0,0.1477
regime_adaptive,8,2020-12-28,0.0,0.8584,0.0,0.1416
regime_adaptive,8,2021-01-04,0.0,0.8494,0.0,0.1506
regime_adaptive,8,2021-01-11,0.0,0.8464,0.0,0.1536
regime_adaptive,8,2021-01-18,0.0,0.8454,0.0,0.1546
regime_adaptive,8,2021-01-25,0.0,0.8463,0.0,0.1537
regime_adaptive,8,2021-02-01,0.0,0.8435,0.0,0.1565
regime_adaptive,8,2021-02-08,0.0,0.8388,0.0,0.1612
regime_adaptive,8,2021-02-15,0.0,0.8325,0.0,0.1675
regime_adaptive,8,2021-02-22,0.0,0.8304,0.0,0.1696
regime_adaptive,8,2021-03-01,0.0,0.8289,0.0,0.1711
regime_adaptive,8,2021-03-08,0.0,0.8222,0.0,0.1778
regime_adaptive,8,2021-03-15,0.0,0.8165,0.0,0.1835
regime_adaptive,8,2021-03-22,0.0187,0.7955,0.0026,0.1832
regime_adaptive,8,2021-03-29,0.04,0.7661,0.0263,0.1677
regime_adaptive,8,2021-04-05,0.0039,0.7899,0.0432,0.163
regime_adaptive,8,2021-04-12,0.013,0.7746,0.0572,0.1552
regime_adaptive,8,2021-04-19,0.0215,0.752,0.0862,0.1403
regime_adaptive,8,2021-04-26,0.0286,0.7404,0.0986,0.1324
regime_adaptive,8,2021-05-03,0.0319,0.7385,0.0919,0.1377
regime_adaptive,8,2021-05-10,0.0279,0.7365,0.1113,0.1242
regime_adaptive,8,2021-05-17,0.0575,0.6911,0.1625,0.089
regime_adaptive,8,2021-05-24,0.073,0.6545,0.2191,0.0534
regime_adaptive,8,2021-05-31,0.0983,0.6109,0.2711,0.0196
regime_adaptive,8,2021-06-07,0.1426,0.6009,0.2242,0.0323
regime_adaptive,8,2021-06-14,0.185,0.5461,0.2639,0.005
regime_adaptive,8,2021-06-21,0.1948,0.5134,0.2918,0.0
regime_adaptive,8,2021-06-28,0.225,0.4888,0.2862,0.0
regime_adaptive,8,2021-07-05,0.2509,0.4639,0.2851,0.0
regime_adaptive,8,2021-07-12,0.2749,0.4481,0.277,0.0
regime_adaptive,8,2021-07-19,0.3002,0.4199,0.2799,0.0
regime_adaptive,8,2021-07-26,0.3175,0.4046,0.2779,0.0
regime_adaptive,8,2021-08-02,0.3441,0.3909,0.265,0.0
regime_adaptive,8,2021-08-09,0.3516,0.3863,0.2621,0.0
regime_adaptive,8,2021-08-16,0.363,0.3833,0.2537,0.0
regime_adaptive,8,2021-08-23,0.372,0.3801,0.2479,0.0
regime_adaptive,8,2021-08-30,0.384,0.3708,0.2452,0.0
regime_adaptive,8,2021-09-06,0.3939,0.3607,0.2454,0.0
regime_adaptive,8,2021-09-13,0.407,0.3594,0.2336,0.0
regime_adaptive,8,2021-09-20,0.4097,0.3544,0.2358,0.0
regime_adaptive,8,2021-09-27,0.4172,0.347,0.2358,0.0
regime_adaptive,8,2021-10-04,0.4311,0.3342,0.2347,0.0
regime_adaptive,8,2021-10-11,0.4409,0.3182,0.241,0.0
regime_adaptive,8,2021-10-18,0.4529,0.3056,0.2415,0.0
regime_adaptive,8,2021-10-25,0.4696,0.2897,0.2407,0.0
regime_adaptive,8,2021-11-01,0.4857,0.2801,0.2342,0.0
regime_adaptive,8,2021-11-08,0.4979,0.2646,0.2375,0.0
regime_adaptive,8,2021-11-15,0.5117,0.2665,0.2218,0.0
regime_adaptive,8,2021-11-22,0.5177,0.266,0.2164,0.0
regime_adaptive,8,2021-11-29,0.5201,0.2636,0.2163,0.0
regime_adaptive,8,2021-12-06,0.5297,0.2473,0.223,0.0
regime_adaptive,8,2021-12-13,0.5395,0.223,0.2375,0.0
regime_adaptive,8,2021-12-20,0.5458,0.1904,0.2412,0.0226
regime_adaptive,8,2021-12-27,0.5658,0.1407,0.2201,0.0733
regime_adaptive,8,2022-01-03,0.5713,0.1378,0.2203,0.0707
regime_adaptive,8,2022-01-10,0.5733,0.1269,0.2236,0.0761
regime_adaptive,8,2022-01-17,0.5775,0.1058,0.2356,0.0811
regime_adaptive,8,2022-01-24,0.5489,0.1,0.2674,0.0837
regime_adaptive,8,2022-01-31,0.527,0.0994,0.2832,0.0904
regime_adaptive,8,2022-02-07,0.5122,0.0945,0.2979,0.0954
regime_adaptive,8,2022-02-14,0.4965,0.0898,0.3223,0.0915
regime_adaptive,8,2022-02-21,0.4794,0.0871,0.3427,0.0907
regime_adaptive,8,2022-02-28,0.4413,0.0738,0.3961,0.0888
regime_adaptive,8,2022-03-07,0.4337,0.0749,0.4036,0.0878
regime_adaptive,8,2022-03-14,0.4148,0.0715,0.4458,0.0679
regime_adaptive,8,2022-03-21,0.3928,0.0704,0.4742,0.0626
regime_adaptive,8,2022-03-28,0.386,0.0724,0.4835,0.0581
regime_adaptive,8,2022-04-04,0.4087,0.0414,0.5017,0.0483
regime_adaptive,8,2022-04-11,0.4072,0.037,0.527,0.0288
regime_adaptive,8,2022-04-18,0.4048,0.0458,0.5205,0.0288
regime_adaptive,8,2022-04-25,0.3933,0.0547,0.552,0.0
regime_adaptive,8,2022-05-02,0.3852,0.0554,0.5595,0.0
regime_adaptive,8,2022-05-09,0.3784,0.0499,0.5717,0.0
regime_adaptive,8,2022-05-16,0.3655,0.0795,0.555,0.0
regime_adaptive,8,2022-05-23,0.3496,0.1157,0.5347,0.0
regime_adaptive,8,2022-05-30,0.3282,0.1525,0.5193,0.0
regime_adaptive,8,2022-06-06,0.3662,0.0859,0.5478,0.0
regime_adaptive,8,2022-06-13,0.3333,0.126,0.5406,0.0
regime_adaptive,8,2022-06-20,0.292,0.198,0.5099,0.0
regime_adaptive,8,2022-06-27,0.262,0.2466,0.4914,0.0
regime_adaptive,8,2022-07-04,0.2328,0.2864,0.4809,0.0
regime_adaptive,8,2022-07-11,0.2083,0.3031,0.4886,0.0
regime_adaptive,8,2022-07-18,0.1728,0.3483,0.4789,0.0
regime_adaptive,8,2022-07-25,0.1627,0.3561,0.4812,0.0
regime_adaptive,8,2022-08-01,0.121,0.4001,0.4788,0.0
regime_adaptive,8,2022-08-08,0.1312,0.3635,0.5053,0.0
regime_adaptive,8,2022-08-15,0.1283,0.354,0.5177,0.0
regime_adaptive,8,2022-08-22,0.1221,0.3408,0.5371,0.0
regime_adaptive,8,2022-08-29,0.1208,0.3112,0.5679,0.0
regime_adaptive,8,2022-09-05,0.1156,0.2943,0.5901,0.0
regime_adaptive,8,2022-09-12,0.1227,0.2595,0.6177,0.0
regime_adaptive,8,2022-09-19,0.125,0.245,0.63,0.0
regime_adaptive,8,2022-09-26,0.125,0.2427,0.6323,0.0
regime_adaptive,8,2022-10-03,0.1158,0.2389,0.6453,0.0
regime_adaptive,8,2022-10-10,0.1204,0.2212,0.6583,0.0
regime_adaptive,8,2022-10-17,0.1167,0.2082,0.6752,0.0
regime_adaptive,8,2022-10-24,0.111,0.2104,0.6786,0.0
regime_adaptive,8,2022-10-31,0.1029,0.2353,0.657,0.0048
regime_adaptive,8,2022-11-07,0.1023,0.2236,0.6429,0.0312
regime_adaptive,8,2022-11-14,0.1033,0.1812,0.643,0.0725
regime_adaptive,8,2022-11-21,0.1091,0.1453,0.6474,0.0982
regime_adaptive,8,2022-11-28,0.1046,0.1332,0.6412,0.121
regime_adaptive,8,2022-12-05,0.0999,0.1317,0.6216,0.1468
regime_adaptive,8,2022-12-12,0.0936,0.1313,0.6029,0.1723
regime_adaptive,8,2022-12-19,0.0847,0.1295,0.6093,0.1765
regime_adaptive,8,2022-12-26,0.0741,0.1288,0.608,0.189
regime_adaptive,12,2019-01-07,0.0104,0.4173,0.2707,0.3016
regime_adaptive,12,2019-01-14,0.0104,0.4173,0.2707,0.3016
regime_adaptive,12,2019-01-21,0.0104,0.4173,0.2707,0.3016
regime_adaptive,12,2019-01-28,0.0104,0.4173,0.2707,0.3016
regime_adaptive,12,2019-02-04,0.0104,0.4173,0.2707,0.3016
regime_adaptive,12,2019-02-11,0.0104,0.4173,0.2707,0.3016
regime_adaptive,12,2019-02-18,0.0104,0.4173,0.2707,0.3016
regime_adaptive,12,2019-02-25,0.0104,0.4173,0.2707,0.3016
regime_adaptive,12,2019-03-04,0.0104,0.4173,0.2707,0.3016
regime_adaptive,12,2019-03-11,0.0104,0.4173,0.2707,0.3016
regime_adaptive,12,2019-03-18,0.0104,0.4173,0.2707,0.3016
regime_adaptive,12,2019-03-25,0.0104,0.4173,0.2707,0.3016
regime_adaptive,12,2019-04-01,0.0104,0.4173,0.2707,0.3016
regime_adaptive,12,2019-04-08,0.0104,0.4173,0.2707,0.3016
regime_adaptive,12,2019-04-15,0.0104,0.4173,0.2707,0.3016
regime_adaptive,12,2019-04-22,0.0104,0.4173,0.2707,0.3016
regime_adaptive,12,2019-04-29,0.0104,0.4173,0.2707,0.3016
regime_adaptive,12,2019-05-06,0.0104,0.4173,0.2707,0.3016
regime_adaptive,12,2019-05-13,0.0104,0.4173,0.2707,0.3016
regime_adaptive,12,2019-05-20,0.0104,0.4173,0.2707,0.3016
regime_adaptive,12,2019-05-27,0.0104,0.4173,0.2707,0.3016
regime_adaptive,12,2019-06-03,0.0104,0.4173,0.2707,0.3016
regime_adaptive,12,2019-06-10,0.0104,0.4173,0.2707,0.3016
regime_adaptive,12,2019-06-17,0.0104,0.4173,0.2707,0.3016
regime_adaptive,12,2019-06-24,0.0104,0.4173,0.2707,0.3016
regime_adaptive,12,2019-07-01,0.0104,0.4173,0.2707,0.3016
regime_adaptive,12,2019-07-08,0.2348,0.1301,0.2937,0.3415
regime_adaptive,12,2019-07-15,0.2178,0.1357,0.2797,0.3668
regime_adaptive,12,2019-07-22,0.2093,0.1461,0.2838,0.3608
regime_adaptive,12,2019-07-29,0.1913,0.1701,0.2903,0.3483
regime_adaptive,12,2019-08-05,0.1747,0.2222,0.262,0.341
regime_adaptive,12,2019-08-12,0.1347,0.253,0.2786,0.3338
regime_adaptive,12,2019-08-19,0.1625,0.1865,0.3403,0.3106
regime_adaptive,12,2019-08-26,0.1542,0.2253,0.3724,0.2481
regime_adaptive,12,2019-09-02,0.1479,0.2339,0.3471,0.2711
regime_adaptive,12,2019-09-09,0.1105,0.2818,0.3449,0.2628
regime_adaptive,12,2019-09-16,0.1156,0.2717,0.3378,0.2749
regime_adaptive,12,2019-09-23,0.1104,0.2774,0.3527,0.2595
regime_adaptive,12,2019-09-30,0.1152,0.279,0.3519,0.2538
regime_adaptive,12,2019-10-07,0.1224,0.2629,0.3431,0.2717
regime_adaptive,12,2019-10-14,0.1329,0.2412,0.3187,0.3073
regime_adaptive,12,2019-10-21,0.1221,0.2687,0.2723,0.337
regime_adaptive,12,2019-10-28,0.1144,0.279,0.2341,0.3726
regime_adaptive,12,2019-11-04,0.1171,0.2632,0.2346,0.3851
regime_adaptive,12,2019-11-11,0.0983,0.2875,0.2387,0.3755
regime_adaptive,12,2019-11-18,0.0991,0.2912,0.2203,0.3894
regime_adaptive,12,2019-11-25,0.0948,0.2988,0.2291,0.3773
regime_adaptive,12,2019-12-02,0.0851,0.3082,0.2275,0.3792
regime_adaptive,12,2019-12-09,0.0818,0.3131,0.2254,0.3798
regime_adaptive,12,2019-12-16,0.0781,0.3247,0.2159,0.3813
regime_adaptive,12,2019-12-23,0.0615,0.3451,0.2264,0.367
regime_adaptive,12,2019-12-30,0.046,0.3822,0.1929,0.3788
regime_adaptive,12,2020-01-06,0.0104,0.4173,0.2707,0.3016
regime_adaptive,12,2020-01-13,0.0056,0.4869,0.173,0.3346
regime_adaptive,12,2020-01-20,0.0,0.5599,0.1341,0.3059
regime_adaptive,12,2020-01-27,0.0,0.6094,0.1268,0.2638
regime_adaptive,12,2020-02-03,0.0,0.6641,0.1452,0.1907
regime_adaptive,12,2020-02-10,0.0,0.7431,0.0503,0.2066
regime_adaptive,12,2020-02-17,0.0,0.8348,0.0,0.1652
regime_adaptive,12,2020-02-24,0.0,0.8675,0.0,0.1325
regime_adaptive,12,2020-03-02,0.0,0.9046,0.0,0.0954
regime_adaptive,12,2020-03-09,0.0,0.8885,0.0,0.1115
regime_adaptive,12,2020-03-16,0.0,0.9282,0.0,0.0718
regime_adaptive,12,2020-03-23,0.0,1.0,0.0,0.0
regime_adaptive,12,2020-03-30,0.0,1.0,0.0,0.0
regime_adaptive,12,2020-04-06,0.0,1.0,0.0,0.0
regime_adaptive,12,2020-04-13,0.0,1.0,0.0,0.0
regime_adaptive,12,2020-04-20,0.0,1.0,0.0,0.0
regime_adaptive,12,2020-04-27,0.0,1.0,0.0,0.0
regime_adaptive,12,2020-05-04,0.0,1.0,0.0,0.0
regime_adaptive,12,2020-05-11,0.0,0.9786,0.0,0.0214
regime_adaptive,12,2020-05-18,0.0,0.9842,0.0,0.0158
regime_adaptive,12,2020-05-25,0.0,0.9499,0.0,0.0501
regime_adaptive,12,2020-06-01,0.0,0.9254,0.0,0.0746
regime_adaptive,12,2020-06-08,0.0,0.9101,0.0,0.0899
regime_adaptive,12,2020-06-15,0.0,0.894,0.0,0.106
regime_adaptive,12,2020-06-22,0.0,0.9098,0.0,0.0902
regime_adaptive,12,2020-06-29,0.0,0.9124,0.0,0.0876
regime_adaptive,12,2020-07-06,0.0,0.904,0.0,0.096
regime_adaptive,12,2020-07-13,0.0,0.899,0.0,0.101
regime_adaptive,12,2020-07-20,0.0,0.8781,0.0,0.1219
regime_adaptive,12,2020-07-27,0.0,0.8582,0.0,0.1418
regime_adaptive,12,2020-08-03,0.0,0.8495,0.0,0.1505
regime_adaptive,12,2020-08-10,0.0,0.8458,0.0,0.1542
regime_adaptive,12,2020-08-17,0.0,0.8353,0.0,0.1647
regime_adaptive,12,2020-08-24,0.0,0.8324,0.0,0.1676
regime_adaptive,12,2020-08-31,0.0,0.834,0.0,0.166
regime_adaptive,12,2020-09-07,0.0,0.8421,0.0,0.1579
regime_adaptive,12,2020-09-14,0.0,0.8413,0.0,0.1587
regime_adaptive,12,2020-09-21,0.0,0.842,0.0,0.158
regime_adaptive,12,2020-09-28,0.0,0.8423,0.0,0.1577
regime_adaptive,12,2020-10-05,0.0,0.8468,0.0,0.1532
regime_adaptive,12,2020-10-12,0.0,0.8476,0.0,0.1524
regime_adaptive,12,2020-10-19,0.0,0.8427,0.0,0.1573
regime_adaptive,12,2020-10-26,0.0,0.8401,0.0,0.1599
regime_adaptive,12,2020-11-02,0.0,0.8398,0.0,0.1602
regime_adaptive,12,2020-11-09,0.0,0.8449,0.0,0.1551
regime_adaptive,12,2020-11-16,0.0,0.8488,0.0,0.1512
regime_adaptive,12,2020-11-23,0.0,0.8551,0.0,0.1449
regime_adaptive,12,2020-11-30,0.0,0.8601,0.0,0.1399
regime_adaptive,12,2020-12-07,0.0,0.8527,0.0,0.1473
regime_adaptive,12,2020-12-14,0.0,0.8499,0.0,0.1501
regime_adaptive,12,2020-12-21,0.0,0.8489,0.0,0.1511
regime_adaptive,12,2020-12-28,0.0,0.8501,0.0,0.1499
regime_adaptive,12,2021-01-04,0.0,0.8487,0.0,0.1513
regime_adaptive,12,2021-01-11,0.0,0.8453,0.0,0.1547
regime_adaptive,12,2021-01-18,0.0,0.8403,0.0,0.1597
regime_adaptive,12,2021-01-25,0.0,0.8385,0.0,0.1615
regime_adaptive,12,2021-02-01,0.0,0.8363,0.0,0.1637
regime_adaptive,12,2021-02-08,0.0,0.8317,0.0,0.1683
regime_adaptive,12,2021-02-15,0.0,0.8175,0.0248,0.1577
regime_adaptive,12,2021-02-22,0.0,0.8012,0.0635,0.1353
regime_adaptive,12,2021-03-01,0.0,0.7822,0.103,0.1149
regime_adaptive,12,2021-03-08,0.0,0.7996,0.0597,0.1407
regime_adaptive,12,2021-03-15,0.0,0.7904,0.076,0.1335
regime_adaptive,12,2021-03-22,0.0,0.7652,0.1158,0.119
regime_adaptive,12,2021-03-29,0.0116,0.7469,0.1283,0.1132
regime_adaptive,12,2021-04-05,0.0186,0.746,0.1024,0.133
regime_adaptive,12,2021-04-12,0.0207,0.7467,0.0929,0.1397
regime_adaptive,12,2021-04-19,0.0491,0.7156,0.0998,0.1354
regime_adaptive,12,2021-04-26,0.0696,0.6828,0.129,0.1187
regime_adaptive,12,2021-05-03,0.0885,0.6537,0.1547,0.1031
regime_adaptive,12,2021-05-10,0.1162,0.653,0.1146,0.1162
regime_adaptive,12,2021-05-17,0.1544,0.606,0.1459,0.0937
regime_adaptive,12,2021-05-24,0.1622,0.5745,0.1963,0.067
regime_adaptive,12,2021-05-31,0.192,0.5507,0.2011,0.0562
regime_adaptive,12,2021-06-07,0.2183,0.5228,0.221,0.0379
regime_adaptive,12,2021-06-14,0.2436,0.5036,0.2309,0.022
regime_adaptive,12,2021-06-21,0.2714,0.4731,0.2455,0.01
regime_adaptive,12,2021-06-28,0.2939,0.4513,0.2514,0.0034
regime_adaptive,12,2021-07-05,0.3239,0.4316,0.2445,0.0
regime_adaptive,12,2021-07-12,0.3342,0.4248,0.2332,0.0078
regime_adaptive,12,2021-07-19,0.3491,0.4164,0.2345,0.0
regime_adaptive,12,2021-07-26,0.3647,0.412,0.2232,0.0
regime_adaptive,12,2021-08-02,0.3846,0.4021,0.213,0.0002
regime_adaptive,12,2021-08-09,0.4014,0.3935,0.2013,0.0037
regime_adaptive,12,2021-08-16,0.4208,0.3891,0.1901,0.0
regime_adaptive,12,2021-08-23,0.4272,0.3817,0.1911,0.0
regime_adaptive,12,2021-08-30,0.4392,0.3728,0.188,0.0
regime_adaptive,12,2021-09-06,0.4547,0.361,0.1623,0.0219
regime_adaptive,12,2021-09-13,0.4647,0.3474,0.1401,0.0478
regime_adaptive,12,2021-09-20,0.4731,0.3389,0.1166,0.0714
regime_adaptive,12,2021-09-27,0.4891,0.3242,0.0906,0.0962
regime_adaptive,12,2021-10-04,0.5048,0.3153,0.0681,0.1118
regime_adaptive,12,2021-10-11,0.5161,0.3018,0.0412,0.1409
regime_adaptive,12,2021-10-18,0.5342,0.3022,0.0189,0.1446
regime_adaptive,12,2021-10-25,0.542,0.2986,0.0103,0.1491
regime_adaptive,12,2021-11-01,0.5469,0.2949,0.0127,0.1454
regime_adaptive,12,2021-11-08,0.5581,0.2719,0.0,0.17
regime_adaptive,12,2021-11-15,0.5717,0.2385,0.0,0.1898
regime_adaptive,12,2021-11-22,0.5791,0.1892,0.0,0.2317
regime_adaptive,12,2021-11-29,0.5931,0.1351,0.0,0.2718
regime_adaptive,12,2021-12-06,0.5989,0.1303,0.0,0.2707
regime_adaptive,12,2021-12-13,0.6038,0.1201,0.0,0.276
regime_adaptive,12,2021-12-20,0.61,0.1046,0.0,0.2854
regime_adaptive,12,2021-12-27,0.5926,0.1011,0.0,0.3063
regime_adaptive,12,2022-01-03,0.5802,0.0971,0.0147,0.308
regime_adaptive,12,2022-01-10,0.5679,0.0891,0.0405,0.3025
regime_adaptive,12,2022-01-17,0.5549,0.083,0.055,0.3071
regime_adaptive,12,2022-01-24,0.5366,0.0788,0.0731,0.3116
regime_adaptive,12,2022-01-31,0.5059,0.0642,0.1186,0.3113
regime_adaptive,12,2022-02-07,0.4998,0.0682,0.1194,0.3126
regime_adaptive,12,2022-02-14,0.4878,0.067,0.1667,0.2786
regime_adaptive,12,2022-02-21,0.4674,0.068,0.2208,0.2438
regime_adaptive,12,2022-02-28,0.4609,0.0695,0.2573,0.2124
regime_adaptive,12,2022-03-07,0.4824,0.0389,0.317,0.1617
regime_adaptive,12,2022-03-14,0.483,0.035,0.3736,0.1084
regime_adaptive,12,2022-03-21,0.4824,0.045,0.3735,0.0991
regime_adaptive,12,2022-03-28,0.4791,0.0509,0.4145,0.0555
regime_adaptive,12,2022-04-04,0.4738,0.0519,0.4743,0.0
regime_adaptive,12,2022-04-11,0.468,0.0377,0.4942,0.0
regime_adaptive,12,2022-04-18,0.4503,0.0654,0.4843,0.0
regime_adaptive,12,2022-04-25,0.434,0.1026,0.4635,0.0
regime_adaptive,12,2022-05-02,0.4142,0.1346,0.4512,0.0
regime_adaptive,12,2022-05-09,0.4475,0.0748,0.4777,0.0
regime_adaptive,12,2022-05-16,0.4196,0.1099,0.4706,0.0
regime_adaptive,12,2022-05-23,0.3857,0.1691,0.4452,0.0
regime_adaptive,12,2022-05-30,0.363,0.2023,0.4347,0.0
regime_adaptive,12,2022-06-06,0.3408,0.2263,0.4329,0.0
regime_adaptive,12,2022-06-13,0.3244,0.2323,0.4434,0.0
regime_adaptive,12,2022-06-20,0.2982,0.2596,0.4421,0.0
regime_adaptive,12,2022-06-27,0.2846,0.2726,0.4429,0.0
regime_adaptive,12,2022-07-04,0.2456,0.3139,0.4404,0.0
regime_adaptive,12,2022-07-11,0.2502,0.2893,0.4606,0.0
regime_adaptive,12,2022-07-18,0.2388,0.2964,0.4648,0.0
regime_adaptive,12,2022-07-25,0.2262,0.2938,0.48,0.0
regime_adaptive,12,2022-08-01,0.2109,0.2872,0.5019,0.0
regime_adaptive,12,2022-08-08,0.193,0.2864,0.5206,0.0
regime_adaptive,12,2022-08-15,0.1864,0.2717,0.5419,0.0
regime_adaptive,12,2022-08-22,0.1836,0.2613,0.555,0.0
regime_adaptive,12,2022-08-29,0.1781,0.265,0.5569,0.0
regime_adaptive,12,2022-09-05,0.1627,0.2671,0.5702,0.0
regime_adaptive,12,2022-09-12,0.1697,0.2464,0.5839,0.0
regime_adaptive,12,2022-09-19,0.1726,0.23,0.5974,0.0
regime_adaptive,12,2022-09-26,0.1653,0.2321,0.6026,0.0
regime_adaptive,12,2022-10-03,0.1537,0.2538,0.5925,0.0
regime_adaptive,12,2022-10-10,0.1523,0.2439,0.6039,0.0
regime_adaptive,12,2022-10-17,0.149,0.205,0.646,0.0
regime_adaptive,12,2022-10-24,0.1592,0.1624,0.6783,0.0
regime_adaptive,12,2022-10-31,0.1552,0.1496,0.6952,0.0
regime_adaptive,12,2022-11-07,0.1461,0.1518,0.7022,0.0
regime_adaptive,12,2022-11-14,0.1405,0.1485,0.707,0.004
regime_adaptive,12,2022-11-21,0.1348,0.1428,0.7082,0.0142
regime_adaptive,12,2022-11-28,0.1236,0.1421,0.7082,0.0262
regime_adaptive,12,2022-12-05,0.1185,0.1437,0.7079,0.0299
regime_adaptive,12,2022-12-12,0.113,0.1484,0.7086,0.0299
regime_adaptive,12,2022-12-19,0.1109,0.1479,0.7025,0.0387
regime_adaptive,12,2022-12-26,0.1081,0.1499,0.6993,0.0427
